LIST_LEN,N_DIGITS,D_MODEL,N_HEAD,N_LAYERS,USE_LN,USE_BIAS,FREEZE_WV,FREEZE_WO,WEIGHT_DECAY,run_idx,val_acc,steps_trained,train_time_sec,params_total,params_trainable,val_examples,batch_size,device
1,100,128,1,1,False,False,True,True,0.01,0,0.0103759765625,50000,45.70437979698181,92646,59264,8192,1024,cuda
1,100,128,1,1,False,False,True,True,0.01,1,0.0101318359375,50000,46.21519470214844,92646,59264,8192,1024,cuda
1,100,128,1,1,False,False,True,True,0.01,2,0.01025390625,50000,45.552515745162964,92646,59264,8192,1024,cuda
1,100,128,1,2,False,False,True,True,0.01,0,1.0,2500,3.333418607711792,158694,92032,8192,1024,cuda
1,100,128,1,2,False,False,True,True,0.01,1,1.0,2500,3.470581293106079,158694,92032,8192,1024,cuda
1,100,128,1,2,False,False,True,True,0.01,2,1.0,2500,3.4524967670440674,158694,92032,8192,1024,cuda
1,100,128,1,3,False,False,True,True,0.01,0,1.0,2500,4.427950143814087,224742,124800,8192,1024,cuda
1,100,128,1,3,False,False,True,True,0.01,1,1.0,2500,4.462568759918213,224742,124800,8192,1024,cuda
1,100,128,1,3,False,False,True,True,0.01,2,1.0,2500,4.467133045196533,224742,124800,8192,1024,cuda
1,100,128,1,4,False,False,True,True,0.01,0,1.0,2500,5.481353521347046,290790,157568,8192,1024,cuda
1,100,128,1,4,False,False,True,True,0.01,1,1.0,2500,5.462074279785156,290790,157568,8192,1024,cuda
1,100,128,1,4,False,False,True,True,0.01,2,1.0,2500,5.359983682632446,290790,157568,8192,1024,cuda
1,100,128,1,5,False,False,True,True,0.01,0,1.0,2500,6.280551910400391,356838,190336,8192,1024,cuda
1,100,128,1,5,False,False,True,True,0.01,1,1.0,2500,6.386632204055786,356838,190336,8192,1024,cuda
1,100,128,1,5,False,False,True,True,0.01,2,1.0,2500,6.297224283218384,356838,190336,8192,1024,cuda
1,100,128,1,6,False,False,True,True,0.01,0,1.0,2500,7.215012788772583,422886,223104,8192,1024,cuda
1,100,128,1,6,False,False,True,True,0.01,1,1.0,2500,7.534071683883667,422886,223104,8192,1024,cuda
1,100,128,1,6,False,False,True,True,0.01,2,1.0,2500,7.538616180419922,422886,223104,8192,1024,cuda
1,100,128,1,7,False,False,True,True,0.01,0,1.0,2500,8.409071445465088,488934,255872,8192,1024,cuda
1,100,128,1,7,False,False,True,True,0.01,1,1.0,2500,8.412789821624756,488934,255872,8192,1024,cuda
1,100,128,1,7,False,False,True,True,0.01,2,1.0,2500,8.435409784317017,488934,255872,8192,1024,cuda
1,100,128,1,8,False,False,True,True,0.01,0,1.0,2500,9.29948616027832,554982,288640,8192,1024,cuda
1,100,128,1,8,False,False,True,True,0.01,1,1.0,2500,9.341163158416748,554982,288640,8192,1024,cuda
1,100,128,1,8,False,False,True,True,0.01,2,1.0,2500,9.344337701797485,554982,288640,8192,1024,cuda
1,100,128,1,9,False,False,True,True,0.01,0,1.0,2500,10.249794006347656,621030,321408,8192,1024,cuda
1,100,128,1,9,False,False,True,True,0.01,1,1.0,2500,10.292384624481201,621030,321408,8192,1024,cuda
1,100,128,1,9,False,False,True,True,0.01,2,1.0,2500,10.299768686294556,621030,321408,8192,1024,cuda
1,100,128,1,10,False,False,True,True,0.01,0,1.0,2500,11.151945352554321,687078,354176,8192,1024,cuda
1,100,128,1,10,False,False,True,True,0.01,1,1.0,2500,11.18582820892334,687078,354176,8192,1024,cuda
1,100,128,1,10,False,False,True,True,0.01,2,1.0,2500,11.140752077102661,687078,354176,8192,1024,cuda
1,100,128,1,11,False,False,True,True,0.01,0,1.0,2500,12.080737590789795,753126,386944,8192,1024,cuda
1,100,128,1,11,False,False,True,True,0.01,1,1.0,2500,11.817647933959961,753126,386944,8192,1024,cuda
1,100,128,1,11,False,False,True,True,0.01,2,1.0,2500,11.916898727416992,753126,386944,8192,1024,cuda
1,100,128,1,12,False,False,True,True,0.01,0,1.0,2500,12.965920448303223,819174,419712,8192,1024,cuda
1,100,128,1,12,False,False,True,True,0.01,1,1.0,2500,12.745659589767456,819174,419712,8192,1024,cuda
1,100,128,1,12,False,False,True,True,0.01,2,1.0,2500,12.680378913879395,819174,419712,8192,1024,cuda
1,100,128,1,13,False,False,True,True,0.01,0,1.0,2500,13.60796046257019,885222,452480,8192,1024,cuda
1,100,128,1,13,False,False,True,True,0.01,1,1.0,2500,13.613507270812988,885222,452480,8192,1024,cuda
1,100,128,1,13,False,False,True,True,0.01,2,1.0,2500,13.593201637268066,885222,452480,8192,1024,cuda
1,100,128,1,14,False,False,True,True,0.01,0,1.0,2500,14.84420132637024,951270,485248,8192,1024,cuda
1,100,128,1,14,False,False,True,True,0.01,1,1.0,2500,14.851567268371582,951270,485248,8192,1024,cuda
1,100,128,1,14,False,False,True,True,0.01,2,1.0,2500,14.836846828460693,951270,485248,8192,1024,cuda
1,100,128,1,15,False,False,True,True,0.01,0,1.0,2500,15.56763768196106,1017318,518016,8192,1024,cuda
1,100,128,1,15,False,False,True,True,0.01,1,1.0,2500,15.674360275268555,1017318,518016,8192,1024,cuda
1,100,128,1,15,False,False,True,True,0.01,2,1.0,2500,15.738836526870728,1017318,518016,8192,1024,cuda
1,100,128,1,16,False,False,True,True,0.01,0,1.0,2500,16.611868619918823,1083366,550784,8192,1024,cuda
1,100,128,1,16,False,False,True,True,0.01,1,1.0,2500,16.56132483482361,1083366,550784,8192,1024,cuda
1,100,128,1,16,False,False,True,True,0.01,2,1.0,2500,16.567764282226562,1083366,550784,8192,1024,cuda
1,100,128,1,17,False,False,True,True,0.01,0,1.0,2500,17.324123859405518,1149414,583552,8192,1024,cuda
1,100,128,1,17,False,False,True,True,0.01,1,1.0,2500,17.49562096595764,1149414,583552,8192,1024,cuda
1,100,128,1,17,False,False,True,True,0.01,2,1.0,2500,17.51158857345581,1149414,583552,8192,1024,cuda
1,100,128,1,18,False,False,True,True,0.01,0,1.0,2500,18.31191921234131,1215462,616320,8192,1024,cuda
1,100,128,1,18,False,False,True,True,0.01,1,1.0,2500,18.078920364379883,1215462,616320,8192,1024,cuda
1,100,128,1,18,False,False,True,True,0.01,2,1.0,2500,18.042928457260132,1215462,616320,8192,1024,cuda
1,100,128,1,19,False,False,True,True,0.01,0,1.0,2500,19.154375553131104,1281510,649088,8192,1024,cuda
1,100,128,1,19,False,False,True,True,0.01,1,1.0,2500,19.205546379089355,1281510,649088,8192,1024,cuda
1,100,128,1,19,False,False,True,True,0.01,2,1.0,2500,19.245336532592773,1281510,649088,8192,1024,cuda
2,100,128,1,1,False,False,True,True,0.01,0,0.00927734375,50000,58.70847535133362,92902,59520,8192,1024,cuda
2,100,128,1,1,False,False,True,True,0.01,1,0.01092529296875,50000,58.15136170387268,92902,59520,8192,1024,cuda
2,100,128,1,1,False,False,True,True,0.01,2,0.009765625,50000,59.0297646522522,92902,59520,8192,1024,cuda
2,100,128,1,2,False,False,True,True,0.01,0,0.9187500476837158,50000,78.42198085784912,158950,92288,8192,1024,cuda
2,100,128,1,3,False,False,True,True,0.01,0,1.0,2500,4.829685926437378,224998,125056,8192,1024,cuda
2,100,128,1,3,False,False,True,True,0.01,1,1.0,2500,5.0367279052734375,224998,125056,8192,1024,cuda
2,100,128,1,3,False,False,True,True,0.01,2,1.0,2500,4.938695192337036,224998,125056,8192,1024,cuda
2,100,128,1,4,False,False,True,True,0.01,0,1.0,2500,6.048950433731079,291046,157824,8192,1024,cuda
2,100,128,1,4,False,False,True,True,0.01,1,1.0,2500,6.0065178871154785,291046,157824,8192,1024,cuda
2,100,128,1,4,False,False,True,True,0.01,2,1.0,2500,5.929812431335449,291046,157824,8192,1024,cuda
2,100,128,1,5,False,False,True,True,0.01,0,1.0,2500,6.852662086486816,357094,190592,8192,1024,cuda
2,100,128,1,5,False,False,True,True,0.01,1,1.0,2500,6.9206929206848145,357094,190592,8192,1024,cuda
2,100,128,1,5,False,False,True,True,0.01,2,1.0,2500,6.730055332183838,357094,190592,8192,1024,cuda
2,100,128,1,6,False,False,True,True,0.01,0,0.81488037109375,50000,156.47640371322632,423142,223360,8192,1024,cuda
2,100,128,1,6,False,False,True,True,0.01,1,0.61224365234375,50000,156.1158413887024,423142,223360,8192,1024,cuda
2,100,128,1,6,False,False,True,True,0.01,2,0.632568359375,50000,156.47162175178528,423142,223360,8192,1024,cuda
2,100,128,1,7,False,False,True,True,0.01,0,0.514892578125,50000,173.54771065711975,489190,256128,8192,1024,cuda
2,100,128,1,7,False,False,True,True,0.01,1,0.50531005859375,50000,171.9575788974762,489190,256128,8192,1024,cuda
2,100,128,1,7,False,False,True,True,0.01,2,0.50579833984375,50000,172.99200892448425,489190,256128,8192,1024,cuda
2,100,128,1,8,False,False,True,True,0.01,0,0.99017333984375,45000,172.18309044837952,555238,288896,8192,1024,cuda
2,100,128,1,8,False,False,True,True,0.01,1,0.505126953125,50000,190.86995434761047,555238,288896,8192,1024,cuda
2,100,128,1,8,False,False,True,True,0.01,2,0.978759765625,50000,191.1109209060669,555238,288896,8192,1024,cuda
2,100,128,1,9,False,False,True,True,0.01,0,0.9833984375,50000,208.66440653800964,621286,321664,8192,1024,cuda
2,100,128,1,9,False,False,True,True,0.01,1,0.9813232421875,50000,208.4226779937744,621286,321664,8192,1024,cuda
2,100,128,1,9,False,False,True,True,0.01,2,0.9732666015625,50000,208.51534748077393,621286,321664,8192,1024,cuda
2,100,128,1,10,False,False,True,True,0.01,0,0.96343994140625,50000,225.94397735595703,687334,354432,8192,1024,cuda
2,100,128,1,10,False,False,True,True,0.01,1,0.95880126953125,50000,226.52589321136475,687334,354432,8192,1024,cuda
2,100,128,1,10,False,False,True,True,0.01,2,0.95770263671875,50000,226.66459941864014,687334,354432,8192,1024,cuda
2,100,128,1,11,False,False,True,True,0.01,0,0.7967529296875,50000,244.23930025100708,753382,387200,8192,1024,cuda
2,100,128,1,11,False,False,True,True,0.01,1,0.76806640625,50000,243.5536572933197,753382,387200,8192,1024,cuda
2,100,128,1,11,False,False,True,True,0.01,2,0.85296630859375,50000,244.1596007347107,753382,387200,8192,1024,cuda
2,100,128,1,12,False,False,True,True,0.01,0,0.67730712890625,50000,261.13172030448914,819430,419968,8192,1024,cuda
2,100,128,1,12,False,False,True,True,0.01,1,0.691162109375,50000,261.4139564037323,819430,419968,8192,1024,cuda
2,100,128,1,12,False,False,True,True,0.01,2,0.63751220703125,50000,261.1743173599243,819430,419968,8192,1024,cuda
2,100,128,1,13,False,False,True,True,0.01,0,0.63555908203125,50000,278.91342878341675,885478,452736,8192,1024,cuda
2,100,128,1,13,False,False,True,True,0.01,1,0.55120849609375,50000,278.29302072525024,885478,452736,8192,1024,cuda
2,100,128,1,13,False,False,True,True,0.01,2,0.56939697265625,50000,278.286878824234,885478,452736,8192,1024,cuda
2,100,128,1,14,False,False,True,True,0.01,0,0.62738037109375,50000,295.70502614974976,951526,485504,8192,1024,cuda
2,100,128,1,14,False,False,True,True,0.01,1,0.605224609375,50000,295.5121672153473,951526,485504,8192,1024,cuda
2,100,128,1,14,False,False,True,True,0.01,2,0.52923583984375,50000,296.00271439552307,951526,485504,8192,1024,cuda
2,100,128,1,15,False,False,True,True,0.01,0,0.501220703125,50000,314.11563754081726,1017574,518272,8192,1024,cuda
2,100,128,1,15,False,False,True,True,0.01,1,0.523193359375,50000,314.36123180389404,1017574,518272,8192,1024,cuda
2,100,128,1,15,False,False,True,True,0.01,2,0.4859619140625,50000,314.3311417102814,1017574,518272,8192,1024,cuda
2,100,128,1,16,False,False,True,True,0.01,0,0.5020751953125,50000,330.83411502838135,1083622,551040,8192,1024,cuda
2,100,128,1,16,False,False,True,True,0.01,1,0.3624267578125,50000,332.4958972930908,1083622,551040,8192,1024,cuda
2,100,128,1,16,False,False,True,True,0.01,2,0.50067138671875,50000,332.6630344390869,1083622,551040,8192,1024,cuda
2,100,128,1,17,False,False,True,True,0.01,0,0.45782470703125,50000,350.1209659576416,1149670,583808,8192,1024,cuda
2,100,128,1,17,False,False,True,True,0.01,1,0.4005126953125,50000,350.70976400375366,1149670,583808,8192,1024,cuda
2,100,128,1,17,False,False,True,True,0.01,2,0.49346923828125,50000,350.3359363079071,1149670,583808,8192,1024,cuda
2,100,128,1,18,False,False,True,True,0.01,0,0.2247314453125,50000,369.0228853225708,1215718,616576,8192,1024,cuda
2,100,128,1,18,False,False,True,True,0.01,1,0.23211669921875,50000,369.2095260620117,1215718,616576,8192,1024,cuda
2,100,128,1,18,False,False,True,True,0.01,2,0.26080322265625,50000,368.9540739059448,1215718,616576,8192,1024,cuda
2,100,128,1,19,False,False,True,True,0.01,0,0.23291015625,50000,386.8872582912445,1281766,649344,8192,1024,cuda
2,100,128,1,19,False,False,True,True,0.01,1,0.4755859375,50000,387.1920006275177,1281766,649344,8192,1024,cuda
2,100,128,1,19,False,False,True,True,0.01,2,0.5050048828125,50000,386.0530767440796,1281766,649344,8192,1024,cuda
3,100,128,1,1,False,False,True,True,0.01,0,0.010579427083333334,50000,74.01806044578552,93158,59776,8192,1024,cuda
3,100,128,1,1,False,False,True,True,0.01,1,0.0098876953125,50000,74.88770484924316,93158,59776,8192,1024,cuda
3,100,128,1,1,False,False,True,True,0.01,2,0.009073893229166666,50000,75.12160921096802,93158,59776,8192,1024,cuda
3,100,128,1,2,False,False,True,True,0.01,0,0.92578125,50000,94.59506916999817,159206,92544,8192,1024,cuda
3,100,128,1,2,False,False,True,True,0.01,1,0.9111735026041666,50000,94.72305703163147,159206,92544,8192,1024,cuda
3,100,128,1,2,False,False,True,True,0.01,2,0.9299723307291666,50000,95.2449598312378,159206,92544,8192,1024,cuda
3,100,128,1,3,False,False,True,True,0.01,0,0.9712727864583334,50000,115.3476927280426,225254,125312,8192,1024,cuda
3,100,128,1,3,False,False,True,True,0.01,1,0.9246012369791666,50000,115.68797588348389,225254,125312,8192,1024,cuda
3,100,128,1,3,False,False,True,True,0.01,2,0.671142578125,50000,118.98104333877563,225254,125312,8192,1024,cuda
3,100,128,1,4,False,False,True,True,0.01,0,0.9928792317708334,2500,6.8823182582855225,291302,158080,8192,1024,cuda
3,100,128,1,4,False,False,True,True,0.01,1,0.992919921875,2500,6.876239061355591,291302,158080,8192,1024,cuda
3,100,128,1,4,False,False,True,True,0.01,2,0.9940999348958334,2500,6.874250411987305,291302,158080,8192,1024,cuda
3,100,128,1,5,False,False,True,True,0.01,0,0.9962565104166666,2500,7.795895576477051,357350,190848,8192,1024,cuda
3,100,128,1,5,False,False,True,True,0.01,1,0.9923502604166666,2500,7.778488397598267,357350,190848,8192,1024,cuda
3,100,128,1,5,False,False,True,True,0.01,2,0.9952799479166666,2500,7.767850399017334,357350,190848,8192,1024,cuda
3,100,128,1,6,False,False,True,True,0.01,0,0.9940185546875,2500,8.68397068977356,423398,223616,8192,1024,cuda
3,100,128,1,6,False,False,True,True,0.01,1,0.993896484375,2500,8.681949138641357,423398,223616,8192,1024,cuda
3,100,128,1,6,False,False,True,True,0.01,2,0.9934895833333334,2500,8.689869403839111,423398,223616,8192,1024,cuda
3,100,128,1,7,False,False,True,True,0.01,0,0.9949951171875,2500,9.575500249862671,489446,256384,8192,1024,cuda
3,100,128,1,7,False,False,True,True,0.01,1,0.9949137369791666,2500,9.566196203231812,489446,256384,8192,1024,cuda
3,100,128,1,7,False,False,True,True,0.01,2,0.9945882161458334,2500,9.40275263786316,489446,256384,8192,1024,cuda
3,100,128,1,8,False,False,True,True,0.01,0,0.98193359375,50000,208.36865735054016,555494,289152,8192,1024,cuda
3,100,128,1,8,False,False,True,True,0.01,1,0.9781494140625,50000,208.376886844635,555494,289152,8192,1024,cuda
3,100,128,1,8,False,False,True,True,0.01,2,0.9731038411458334,50000,209.88767886161804,555494,289152,8192,1024,cuda
3,100,128,1,9,False,False,True,True,0.01,0,0.9486083984375,50000,226.99495220184326,621542,321920,8192,1024,cuda
3,100,128,1,9,False,False,True,True,0.01,1,0.90234375,50000,226.9889795780182,621542,321920,8192,1024,cuda
3,100,128,1,9,False,False,True,True,0.01,2,0.9606119791666666,50000,227.21329641342163,621542,321920,8192,1024,cuda
3,100,128,1,10,False,False,True,True,0.01,0,0.9361165364583334,50000,244.59510374069214,687590,354688,8192,1024,cuda
3,100,128,1,10,False,False,True,True,0.01,1,0.8233642578125,50000,244.5432891845703,687590,354688,8192,1024,cuda
3,100,128,1,10,False,False,True,True,0.01,2,0.9495849609375,50000,244.14403247833252,687590,354688,8192,1024,cuda
3,100,128,1,11,False,False,True,True,0.01,0,0.9273274739583334,50000,262.4540181159973,753638,387456,8192,1024,cuda
3,100,128,1,11,False,False,True,True,0.01,1,0.8199055989583334,50000,262.64343667030334,753638,387456,8192,1024,cuda
3,100,128,1,11,False,False,True,True,0.01,2,0.6397705078125,50000,262.563844203949,753638,387456,8192,1024,cuda
3,100,128,1,12,False,False,True,True,0.01,0,0.5080159505208334,50000,280.60038685798645,819686,420224,8192,1024,cuda
3,100,128,1,12,False,False,True,True,0.01,1,0.7784423828125,50000,280.84058380126953,819686,420224,8192,1024,cuda
3,100,128,1,12,False,False,True,True,0.01,2,0.5731608072916666,50000,280.0639533996582,819686,420224,8192,1024,cuda
3,100,128,1,13,False,False,True,True,0.01,0,0.4759114583333333,50000,297.92510318756104,885734,452992,8192,1024,cuda
3,100,128,1,13,False,False,True,True,0.01,1,0.4305826822916667,50000,298.56106638908386,885734,452992,8192,1024,cuda
3,100,128,1,13,False,False,True,True,0.01,2,0.4042561848958333,50000,298.47495222091675,885734,452992,8192,1024,cuda
3,100,128,1,14,False,False,True,True,0.01,0,0.3355305989583333,50000,316.92907071113586,951782,485760,8192,1024,cuda
3,100,128,1,14,False,False,True,True,0.01,1,0.4121500651041667,50000,316.36025381088257,951782,485760,8192,1024,cuda
3,100,128,1,14,False,False,True,True,0.01,2,0.3633219401041667,50000,316.5295569896698,951782,485760,8192,1024,cuda
3,100,128,1,15,False,False,True,True,0.01,0,0.2826741536458333,50000,334.6536900997162,1017830,518528,8192,1024,cuda
3,100,128,1,15,False,False,True,True,0.01,1,0.3306070963541667,50000,334.27688097953796,1017830,518528,8192,1024,cuda
3,100,128,1,15,False,False,True,True,0.01,2,0.3170572916666667,50000,335.3094096183777,1017830,518528,8192,1024,cuda
3,100,128,1,16,False,False,True,True,0.01,0,0.22196451822916666,50000,351.88667726516724,1083878,551296,8192,1024,cuda
3,100,128,1,16,False,False,True,True,0.01,1,0.18684895833333334,50000,353.004789352417,1083878,551296,8192,1024,cuda
3,100,128,1,16,False,False,True,True,0.01,2,0.294921875,50000,352.5523898601532,1083878,551296,8192,1024,cuda
3,100,128,1,17,False,False,True,True,0.01,0,0.277099609375,50000,368.7420961856842,1149926,584064,8192,1024,cuda
3,100,128,1,17,False,False,True,True,0.01,1,0.22554524739583334,50000,369.00797152519226,1149926,584064,8192,1024,cuda
3,100,128,1,17,False,False,True,True,0.01,2,0.13028971354166666,50000,369.76971077919006,1149926,584064,8192,1024,cuda
3,100,128,1,18,False,False,True,True,0.01,0,0.19380696614583334,50000,387.7353665828705,1215974,616832,8192,1024,cuda
3,100,128,1,18,False,False,True,True,0.01,1,0.10847981770833333,50000,386.32094264030457,1215974,616832,8192,1024,cuda
3,100,128,1,18,False,False,True,True,0.01,2,0.016153971354166668,50000,387.45752596855164,1215974,616832,8192,1024,cuda
3,100,128,1,19,False,False,True,True,0.01,0,0.19266764322916666,50000,405.974383354187,1282022,649600,8192,1024,cuda
3,100,128,1,19,False,False,True,True,0.01,1,0.10721842447916667,50000,405.23653960227966,1282022,649600,8192,1024,cuda
3,100,128,1,19,False,False,True,True,0.01,2,0.1148681640625,50000,405.4815938472748,1282022,649600,8192,1024,cuda
4,100,128,1,1,False,False,True,True,0.01,0,0.010162353515625,50000,91.49496221542358,93414,60032,8192,1024,cuda
4,100,128,1,1,False,False,True,True,0.01,1,0.009552001953125,50000,90.86288595199585,93414,60032,8192,1024,cuda
4,100,128,1,1,False,False,True,True,0.01,2,0.010772705078125,50000,89.01930689811707,93414,60032,8192,1024,cuda
4,100,128,1,2,False,False,True,True,0.01,0,0.89520263671875,50000,112.37495017051697,159462,92800,8192,1024,cuda
4,100,128,1,2,False,False,True,True,0.01,1,0.904083251953125,50000,111.96813297271729,159462,92800,8192,1024,cuda
4,100,128,1,2,False,False,True,True,0.01,2,0.89886474609375,50000,112.05595827102661,159462,92800,8192,1024,cuda
4,100,128,1,3,False,False,True,True,0.01,0,0.74371337890625,50000,129.78004622459412,225510,125568,8192,1024,cuda
4,100,128,1,3,False,False,True,True,0.01,1,0.745758056640625,50000,130.0935263633728,225510,125568,8192,1024,cuda
4,100,128,1,3,False,False,True,True,0.01,2,0.745941162109375,50000,129.8275215625763,225510,125568,8192,1024,cuda
4,100,128,1,4,False,False,True,True,0.01,0,0.991729736328125,50000,146.48515939712524,291558,158336,8192,1024,cuda
4,100,128,1,4,False,False,True,True,0.01,1,0.99176025390625,15000,44.12097477912903,291558,158336,8192,1024,cuda
4,100,128,1,4,False,False,True,True,0.01,2,0.982879638671875,50000,148.95505094528198,291558,158336,8192,1024,cuda
4,100,128,1,5,False,False,True,True,0.01,0,0.99267578125,5000,16.887165307998657,357606,191104,8192,1024,cuda
4,100,128,1,5,False,False,True,True,0.01,1,0.990814208984375,5000,17.001432180404663,357606,191104,8192,1024,cuda
4,100,128,1,5,False,False,True,True,0.01,2,0.990020751953125,2500,8.496890306472778,357606,191104,8192,1024,cuda
4,100,128,1,6,False,False,True,True,0.01,0,0.990386962890625,2500,9.385838508605957,423654,223872,8192,1024,cuda
4,100,128,1,6,False,False,True,True,0.01,1,0.991485595703125,2500,9.313824892044067,423654,223872,8192,1024,cuda
4,100,128,1,6,False,False,True,True,0.01,2,0.9923095703125,25000,92.79653930664062,423654,223872,8192,1024,cuda
4,100,128,1,7,False,False,True,True,0.01,0,0.99090576171875,7500,30.714263439178467,489702,256640,8192,1024,cuda
4,100,128,1,7,False,False,True,True,0.01,1,0.990814208984375,7500,31.12978219985962,489702,256640,8192,1024,cuda
4,100,128,1,7,False,False,True,True,0.01,2,0.99066162109375,7500,30.87099289894104,489702,256640,8192,1024,cuda
4,100,128,1,8,False,False,True,True,0.01,0,0.98828125,50000,224.60023403167725,555750,289408,8192,1024,cuda
4,100,128,1,8,False,False,True,True,0.01,1,0.990020751953125,20000,89.80085062980652,555750,289408,8192,1024,cuda
4,100,128,1,8,False,False,True,True,0.01,2,0.990234375,35000,156.7756130695343,555750,289408,8192,1024,cuda
4,100,128,1,9,False,False,True,True,0.01,0,0.9808349609375,50000,243.35559487342834,621798,322176,8192,1024,cuda
4,100,128,1,9,False,False,True,True,0.01,1,0.980926513671875,50000,242.8655366897583,621798,322176,8192,1024,cuda
4,100,128,1,9,False,False,True,True,0.01,2,0.981536865234375,50000,242.88440537452698,621798,322176,8192,1024,cuda
4,100,128,1,10,False,False,True,True,0.01,0,0.79998779296875,50000,262.7977249622345,687846,354944,8192,1024,cuda
4,100,128,1,10,False,False,True,True,0.01,1,0.80780029296875,50000,263.62343430519104,687846,354944,8192,1024,cuda
4,100,128,1,10,False,False,True,True,0.01,2,0.84869384765625,50000,262.28905606269836,687846,354944,8192,1024,cuda
4,100,128,1,11,False,False,True,True,0.01,0,0.6146240234375,50000,282.72926115989685,753894,387712,8192,1024,cuda
4,100,128,1,11,False,False,True,True,0.01,1,0.721771240234375,50000,283.076379776001,753894,387712,8192,1024,cuda
4,100,128,1,11,False,False,True,True,0.01,2,0.7987060546875,50000,282.4645426273346,753894,387712,8192,1024,cuda
4,100,128,1,12,False,False,True,True,0.01,0,0.655731201171875,50000,299.40740299224854,819942,420480,8192,1024,cuda
4,100,128,1,12,False,False,True,True,0.01,1,0.63714599609375,50000,299.10008239746094,819942,420480,8192,1024,cuda
4,100,128,1,12,False,False,True,True,0.01,2,0.72052001953125,50000,299.34109592437744,819942,420480,8192,1024,cuda
4,100,128,1,13,False,False,True,True,0.01,0,0.297515869140625,50000,315.92859268188477,885990,453248,8192,1024,cuda
4,100,128,1,13,False,False,True,True,0.01,1,0.522491455078125,50000,316.42959237098694,885990,453248,8192,1024,cuda
4,100,128,1,13,False,False,True,True,0.01,2,0.488555908203125,50000,317.09374260902405,885990,453248,8192,1024,cuda
4,100,128,1,14,False,False,True,True,0.01,0,0.354644775390625,50000,336.9609341621399,952038,486016,8192,1024,cuda
4,100,128,1,14,False,False,True,True,0.01,1,0.331878662109375,50000,337.7983384132385,952038,486016,8192,1024,cuda
4,100,128,1,14,False,False,True,True,0.01,2,0.218597412109375,50000,337.3781645298004,952038,486016,8192,1024,cuda
4,100,128,1,15,False,False,True,True,0.01,0,0.258148193359375,50000,357.91245794296265,1018086,518784,8192,1024,cuda
4,100,128,1,15,False,False,True,True,0.01,1,0.222686767578125,50000,358.1409749984741,1018086,518784,8192,1024,cuda
4,100,128,1,15,False,False,True,True,0.01,2,0.248199462890625,50000,357.2635223865509,1018086,518784,8192,1024,cuda
4,100,128,1,16,False,False,True,True,0.01,0,0.1197509765625,50000,373.19972348213196,1084134,551552,8192,1024,cuda
4,100,128,1,16,False,False,True,True,0.01,1,0.1151123046875,50000,373.1993544101715,1084134,551552,8192,1024,cuda
4,100,128,1,16,False,False,True,True,0.01,2,0.18780517578125,50000,373.31582164764404,1084134,551552,8192,1024,cuda
4,100,128,1,17,False,False,True,True,0.01,0,0.06353759765625,50000,392.2083992958069,1150182,584320,8192,1024,cuda
4,100,128,1,17,False,False,True,True,0.01,1,0.18035888671875,50000,393.1472496986389,1150182,584320,8192,1024,cuda
4,100,128,1,17,False,False,True,True,0.01,2,0.0867919921875,50000,392.23012113571167,1150182,584320,8192,1024,cuda
4,100,128,1,18,False,False,True,True,0.01,0,0.07574462890625,50000,412.74260234832764,1216230,617088,8192,1024,cuda
4,100,128,1,18,False,False,True,True,0.01,1,0.082122802734375,50000,413.50653433799744,1216230,617088,8192,1024,cuda
4,100,128,1,18,False,False,True,True,0.01,2,0.0965576171875,50000,414.18964672088623,1216230,617088,8192,1024,cuda
4,100,128,1,19,False,False,True,True,0.01,0,0.073394775390625,50000,431.34722542762756,1282278,649856,8192,1024,cuda
4,100,128,1,19,False,False,True,True,0.01,1,0.04949951171875,50000,431.8928756713867,1282278,649856,8192,1024,cuda
4,100,128,1,19,False,False,True,True,0.01,2,0.062652587890625,50000,431.83181047439575,1282278,649856,8192,1024,cuda
5,100,128,1,1,False,False,True,True,0.01,0,0.010205078125,50000,108.01831221580505,93670,60288,8192,1024,cuda
5,100,128,1,1,False,False,True,True,0.01,1,0.01025390625,50000,108.3561806678772,93670,60288,8192,1024,cuda
5,100,128,1,1,False,False,True,True,0.01,2,0.0103759765625,50000,107.10436248779297,93670,60288,8192,1024,cuda
5,100,128,1,2,False,False,True,True,0.01,0,0.86533203125,50000,128.6414349079132,159718,93056,8192,1024,cuda
5,100,128,1,2,False,False,True,True,0.01,1,0.8470947265625,50000,128.84525966644287,159718,93056,8192,1024,cuda
5,100,128,1,2,False,False,True,True,0.01,2,0.869140625,50000,128.7955379486084,159718,93056,8192,1024,cuda
5,100,128,1,3,False,False,True,True,0.01,0,0.5691162109375,50000,147.770681142807,225766,125824,8192,1024,cuda
5,100,128,1,3,False,False,True,True,0.01,1,0.3977783203125,50000,144.6425621509552,225766,125824,8192,1024,cuda
5,100,128,1,3,False,False,True,True,0.01,2,0.39990234375,50000,147.90126395225525,225766,125824,8192,1024,cuda
5,100,128,1,4,False,False,True,True,0.01,0,0.981884765625,50000,169.49066281318665,291814,158592,8192,1024,cuda
5,100,128,1,4,False,False,True,True,0.01,1,0.9745361328125,50000,168.6288080215454,291814,158592,8192,1024,cuda
5,100,128,1,4,False,False,True,True,0.01,2,0.79375,50000,169.42007040977478,291814,158592,8192,1024,cuda
5,100,128,1,5,False,False,True,True,0.01,0,0.9870849609375,50000,189.56616234779358,357862,191360,8192,1024,cuda
5,100,128,1,5,False,False,True,True,0.01,1,0.9812744140625,50000,190.72087240219116,357862,191360,8192,1024,cuda
5,100,128,1,5,False,False,True,True,0.01,2,0.9865234375,50000,190.36694025993347,357862,191360,8192,1024,cuda
5,100,128,1,6,False,False,True,True,0.01,0,0.9905517578125,45000,187.83001399040222,423910,224128,8192,1024,cuda
5,100,128,1,6,False,False,True,True,0.01,1,0.9885009765625,50000,207.5626096725464,423910,224128,8192,1024,cuda
5,100,128,1,6,False,False,True,True,0.01,2,0.9867431640625,50000,208.93765091896057,423910,224128,8192,1024,cuda
5,100,128,1,7,False,False,True,True,0.01,0,0.981201171875,50000,229.37028193473816,489958,256896,8192,1024,cuda
5,100,128,1,7,False,False,True,True,0.01,1,0.9852783203125,50000,228.6645667552948,489958,256896,8192,1024,cuda
5,100,128,1,7,False,False,True,True,0.01,2,0.9857421875,50000,228.3861048221588,489958,256896,8192,1024,cuda
5,100,128,1,8,False,False,True,True,0.01,0,0.97841796875,50000,248.53975892066956,556006,289664,8192,1024,cuda
5,100,128,1,8,False,False,True,True,0.01,1,0.9808837890625,50000,248.98113131523132,556006,289664,8192,1024,cuda
5,100,128,1,8,False,False,True,True,0.01,2,0.9812255859375,50000,249.5624930858612,556006,289664,8192,1024,cuda
5,100,128,1,9,False,False,True,True,0.01,0,0.9826416015625,50000,268.2465226650238,622054,322432,8192,1024,cuda
5,100,128,1,9,False,False,True,True,0.01,1,0.9765380859375,50000,267.70391488075256,622054,322432,8192,1024,cuda
5,100,128,1,9,False,False,True,True,0.01,2,0.980419921875,50000,268.1236181259155,622054,322432,8192,1024,cuda
5,100,128,1,10,False,False,True,True,0.01,0,0.9796875,50000,289.5136742591858,688102,355200,8192,1024,cuda
5,100,128,1,10,False,False,True,True,0.01,1,0.9637451171875,50000,289.6999714374542,688102,355200,8192,1024,cuda
5,100,128,1,10,False,False,True,True,0.01,2,0.973876953125,50000,289.41330122947693,688102,355200,8192,1024,cuda
5,100,128,1,11,False,False,True,True,0.01,0,0.8648193359375,50000,309.0471456050873,754150,387968,8192,1024,cuda
5,100,128,1,11,False,False,True,True,0.01,1,0.890869140625,50000,308.4967429637909,754150,387968,8192,1024,cuda
5,100,128,1,11,False,False,True,True,0.01,2,0.7824462890625,50000,308.9106602668762,754150,387968,8192,1024,cuda
5,100,128,1,12,False,False,True,True,0.01,0,0.7283447265625,50000,327.50901103019714,820198,420736,8192,1024,cuda
5,100,128,1,12,False,False,True,True,0.01,1,0.636376953125,50000,326.84159421920776,820198,420736,8192,1024,cuda
5,100,128,1,12,False,False,True,True,0.01,2,0.6142333984375,50000,327.1548488140106,820198,420736,8192,1024,cuda
5,100,128,1,13,False,False,True,True,0.01,0,0.5111572265625,50000,347.83581733703613,886246,453504,8192,1024,cuda
5,100,128,1,13,False,False,True,True,0.01,1,0.4399658203125,50000,347.594363451004,886246,453504,8192,1024,cuda
5,100,128,1,13,False,False,True,True,0.01,2,0.4996826171875,50000,348.1420736312866,886246,453504,8192,1024,cuda
5,100,128,1,14,False,False,True,True,0.01,0,0.3990234375,50000,367.8126151561737,952294,486272,8192,1024,cuda
5,100,128,1,14,False,False,True,True,0.01,1,0.28466796875,50000,368.5834617614746,952294,486272,8192,1024,cuda
5,100,128,1,14,False,False,True,True,0.01,2,0.4501220703125,50000,368.3661346435547,952294,486272,8192,1024,cuda
5,100,128,1,15,False,False,True,True,0.01,0,0.2732666015625,50000,387.4455740451813,1018342,519040,8192,1024,cuda
5,100,128,1,15,False,False,True,True,0.01,1,0.1521240234375,50000,387.9553587436676,1018342,519040,8192,1024,cuda
5,100,128,1,15,False,False,True,True,0.01,2,0.19541015625,50000,387.9820113182068,1018342,519040,8192,1024,cuda
5,100,128,1,16,False,False,True,True,0.01,0,0.0913330078125,50000,407.6763837337494,1084390,551808,8192,1024,cuda
5,100,128,1,16,False,False,True,True,0.01,1,0.069775390625,50000,407.6834719181061,1084390,551808,8192,1024,cuda
5,100,128,1,16,False,False,True,True,0.01,2,0.0869384765625,50000,407.8247995376587,1084390,551808,8192,1024,cuda
5,100,128,1,17,False,False,True,True,0.01,0,0.04443359375,50000,428.89434933662415,1150438,584576,8192,1024,cuda
5,100,128,1,17,False,False,True,True,0.01,1,0.0506103515625,50000,428.9644572734833,1150438,584576,8192,1024,cuda
5,100,128,1,17,False,False,True,True,0.01,2,0.06337890625,50000,427.8088684082031,1150438,584576,8192,1024,cuda
5,100,128,1,18,False,False,True,True,0.01,0,0.08046875,50000,447.00025510787964,1216486,617344,8192,1024,cuda
5,100,128,1,18,False,False,True,True,0.01,1,0.0553955078125,50000,446.6334798336029,1216486,617344,8192,1024,cuda
5,100,128,1,18,False,False,True,True,0.01,2,0.048828125,50000,447.2792913913727,1216486,617344,8192,1024,cuda
5,100,128,1,19,False,False,True,True,0.01,0,0.0491455078125,50000,467.58971428871155,1282534,650112,8192,1024,cuda
5,100,128,1,19,False,False,True,True,0.01,1,0.094482421875,50000,467.6817066669464,1282534,650112,8192,1024,cuda
5,100,128,1,19,False,False,True,True,0.01,2,0.0409423828125,50000,466.82309889793396,1282534,650112,8192,1024,cuda
6,100,128,1,1,False,False,True,True,0.01,0,0.009765625,50000,126.33603000640869,93926,60544,8192,1024,cuda
6,100,128,1,1,False,False,True,True,0.01,1,0.01055908203125,50000,125.42935180664062,93926,60544,8192,1024,cuda
6,100,128,1,1,False,False,True,True,0.01,2,0.009663899739583334,50000,125.93074107170105,93926,60544,8192,1024,cuda
6,100,128,1,2,False,False,True,True,0.01,0,0.83526611328125,50000,150.19179439544678,159974,93312,8192,1024,cuda
6,100,128,1,2,False,False,True,True,0.01,1,0.82867431640625,50000,151.56760263442993,159974,93312,8192,1024,cuda
6,100,128,1,2,False,False,True,True,0.01,2,0.8340250651041666,50000,151.533677816391,159974,93312,8192,1024,cuda
6,100,128,1,3,False,False,True,True,0.01,0,0.6461588541666666,50000,177.66122722625732,226022,126080,8192,1024,cuda
6,100,128,1,3,False,False,True,True,0.01,1,0.4901326497395833,50000,177.75583696365356,226022,126080,8192,1024,cuda
6,100,128,1,3,False,False,True,True,0.01,2,0.493896484375,50000,177.7633776664734,226022,126080,8192,1024,cuda
6,100,128,1,4,False,False,True,True,0.01,0,0.8158772786458334,50000,202.13334846496582,292070,158848,8192,1024,cuda
6,100,128,1,4,False,False,True,True,0.01,1,0.8170572916666666,50000,202.32322764396667,292070,158848,8192,1024,cuda
6,100,128,1,4,False,False,True,True,0.01,2,0.94891357421875,50000,201.5272479057312,292070,158848,8192,1024,cuda
6,100,128,1,5,False,False,True,True,0.01,0,0.9719441731770834,50000,227.49537706375122,358118,191616,8192,1024,cuda
6,100,128,1,5,False,False,True,True,0.01,1,0.9716593424479166,50000,227.29913210868835,358118,191616,8192,1024,cuda
6,100,128,1,5,False,False,True,True,0.01,2,0.98516845703125,50000,227.29421281814575,358118,191616,8192,1024,cuda
6,100,128,1,6,False,False,True,True,0.01,0,0.9736124674479166,50000,254.22302532196045,424166,224384,8192,1024,cuda
6,100,128,1,6,False,False,True,True,0.01,1,0.9784342447916666,50000,253.8198037147522,424166,224384,8192,1024,cuda
6,100,128,1,6,False,False,True,True,0.01,2,0.9703776041666666,50000,253.87555694580078,424166,224384,8192,1024,cuda
6,100,128,1,7,False,False,True,True,0.01,0,0.9722696940104166,50000,277.21794533729553,490214,257152,8192,1024,cuda
6,100,128,1,7,False,False,True,True,0.01,1,0.9737752278645834,50000,276.92441272735596,490214,257152,8192,1024,cuda
6,100,128,1,7,False,False,True,True,0.01,2,0.97052001953125,50000,277.3493278026581,490214,257152,8192,1024,cuda
6,100,128,1,8,False,False,True,True,0.01,0,0.9824625651041666,50000,302.01774311065674,556262,289920,8192,1024,cuda
6,100,128,1,8,False,False,True,True,0.01,1,0.9800008138020834,50000,300.5476815700531,556262,289920,8192,1024,cuda
6,100,128,1,8,False,False,True,True,0.01,2,0.9557088216145834,50000,301.83888483047485,556262,289920,8192,1024,cuda
6,100,128,1,9,False,False,True,True,0.01,0,0.9396158854166666,50000,329.937264919281,622310,322688,8192,1024,cuda
6,100,128,1,9,False,False,True,True,0.01,1,0.9530436197916666,50000,329.51832723617554,622310,322688,8192,1024,cuda
6,100,128,1,9,False,False,True,True,0.01,2,0.9771525065104166,50000,328.57919216156006,622310,322688,8192,1024,cuda
6,100,128,1,10,False,False,True,True,0.01,0,0.9620564778645834,50000,352.1139175891876,688358,355456,8192,1024,cuda
6,100,128,1,10,False,False,True,True,0.01,1,0.9676513671875,50000,352.3684296607971,688358,355456,8192,1024,cuda
6,100,128,1,10,False,False,True,True,0.01,2,0.9507039388020834,50000,350.9299862384796,688358,355456,8192,1024,cuda
6,100,128,1,11,False,False,True,True,0.01,0,0.9480794270833334,50000,377.50431203842163,754406,388224,8192,1024,cuda
6,100,128,1,11,False,False,True,True,0.01,1,0.9554646809895834,50000,376.98394775390625,754406,388224,8192,1024,cuda
6,100,128,1,11,False,False,True,True,0.01,2,0.9536336263020834,50000,377.15115213394165,754406,388224,8192,1024,cuda
6,100,128,1,12,False,False,True,True,0.01,0,0.9303181966145834,50000,406.21959376335144,820454,420992,8192,1024,cuda
6,100,128,1,12,False,False,True,True,0.01,1,0.9088948567708334,50000,405.33076524734497,820454,420992,8192,1024,cuda
6,100,128,1,12,False,False,True,True,0.01,2,0.8991292317708334,50000,406.08423948287964,820454,420992,8192,1024,cuda
6,100,128,1,13,False,False,True,True,0.01,0,0.7401529947916666,50000,427.93742632865906,886502,453760,8192,1024,cuda
6,100,128,1,13,False,False,True,True,0.01,1,0.51025390625,50000,427.8422198295593,886502,453760,8192,1024,cuda
6,100,128,1,13,False,False,True,True,0.01,2,0.67266845703125,50000,427.2776446342468,886502,453760,8192,1024,cuda
6,100,128,1,14,False,False,True,True,0.01,0,0.6116739908854166,50000,452.7339458465576,952550,486528,8192,1024,cuda
6,100,128,1,14,False,False,True,True,0.01,1,0.5854288736979166,50000,452.04448437690735,952550,486528,8192,1024,cuda
6,100,128,1,14,False,False,True,True,0.01,2,0.5264485677083334,50000,452.3468670845032,952550,486528,8192,1024,cuda
6,100,128,1,15,False,False,True,True,0.01,0,0.4615681966145833,50000,482.14117431640625,1018598,519296,8192,1024,cuda
6,100,128,1,15,False,False,True,True,0.01,1,0.17193603515625,50000,481.85734581947327,1018598,519296,8192,1024,cuda
6,100,128,1,15,False,False,True,True,0.01,2,0.2975056966145833,50000,482.18221259117126,1018598,519296,8192,1024,cuda
6,100,128,1,16,False,False,True,True,0.01,0,0.047281901041666664,50000,502.58822798728943,1084646,552064,8192,1024,cuda
6,100,128,1,16,False,False,True,True,0.01,1,0.033935546875,50000,502.6912851333618,1084646,552064,8192,1024,cuda
6,100,128,1,16,False,False,True,True,0.01,2,0.17502848307291666,50000,502.98343539237976,1084646,552064,8192,1024,cuda
6,100,128,1,17,False,False,True,True,0.01,0,0.050801595052083336,50000,528.1912376880646,1150694,584832,8192,1024,cuda
6,100,128,1,17,False,False,True,True,0.01,1,0.046061197916666664,50000,527.7798116207123,1150694,584832,8192,1024,cuda
6,100,128,1,17,False,False,True,True,0.01,2,0.046712239583333336,50000,528.0047161579132,1150694,584832,8192,1024,cuda
6,100,128,1,18,False,False,True,True,0.01,0,0.056660970052083336,50000,558.0109252929688,1216742,617600,8192,1024,cuda
6,100,128,1,18,False,False,True,True,0.01,1,0.04779052734375,50000,558.4813768863678,1216742,617600,8192,1024,cuda
6,100,128,1,18,False,False,True,True,0.01,2,0.0433349609375,50000,558.560455083847,1216742,617600,8192,1024,cuda
6,100,128,1,19,False,False,True,True,0.01,0,0.03314208984375,50000,578.2045066356659,1282790,650368,8192,1024,cuda
6,100,128,1,19,False,False,True,True,0.01,1,0.05023193359375,50000,577.7946615219116,1282790,650368,8192,1024,cuda
6,100,128,1,19,False,False,True,True,0.01,2,0.033182779947916664,50000,578.5710155963898,1282790,650368,8192,1024,cuda
7,100,128,1,1,False,False,True,True,0.01,0,0.00927734375,50000,142.90056467056274,94182,60800,8192,1024,cuda
7,100,128,1,1,False,False,True,True,0.01,1,0.0101318359375,50000,142.94350028038025,94182,60800,8192,1024,cuda
7,100,128,1,1,False,False,True,True,0.01,2,0.010044642857142858,50000,142.86236572265625,94182,60800,8192,1024,cuda
7,100,128,1,2,False,False,True,True,0.01,0,0.7883126395089286,50000,170.07025814056396,160230,93568,8192,1024,cuda
7,100,128,1,2,False,False,True,True,0.01,1,0.8013916015625,50000,170.27346324920654,160230,93568,8192,1024,cuda
7,100,128,1,2,False,False,True,True,0.01,2,0.7563650948660714,50000,170.63557267189026,160230,93568,8192,1024,cuda
7,100,128,1,3,False,False,True,True,0.01,0,0.5552629743303571,50000,198.81131434440613,226278,126336,8192,1024,cuda
7,100,128,1,3,False,False,True,True,0.01,1,0.5404401506696429,50000,198.78878164291382,226278,126336,8192,1024,cuda
7,100,128,1,3,False,False,True,True,0.01,2,0.5481480189732143,50000,199.1711392402649,226278,126336,8192,1024,cuda
7,100,128,1,4,False,False,True,True,0.01,0,0.9440394810267857,50000,225.40064787864685,292326,159104,8192,1024,cuda
7,100,128,1,4,False,False,True,True,0.01,1,0.9528634207589286,50000,226.12442874908447,292326,159104,8192,1024,cuda
7,100,128,1,4,False,False,True,True,0.01,2,0.8231375558035714,50000,225.65738892555237,292326,159104,8192,1024,cuda
7,100,128,1,5,False,False,True,True,0.01,0,0.9580950055803571,50000,255.09904885292053,358374,191872,8192,1024,cuda
7,100,128,1,5,False,False,True,True,0.01,1,0.9618268694196429,50000,254.6197783946991,358374,191872,8192,1024,cuda
7,100,128,1,5,False,False,True,True,0.01,2,0.9619663783482143,50000,254.41216206550598,358374,191872,8192,1024,cuda
7,100,128,1,6,False,False,True,True,0.01,0,0.9590715680803571,50000,281.2243733406067,424422,224640,8192,1024,cuda
7,100,128,1,6,False,False,True,True,0.01,1,0.9679478236607143,50000,281.410400390625,424422,224640,8192,1024,cuda
7,100,128,1,6,False,False,True,True,0.01,2,0.950439453125,50000,281.07212829589844,424422,224640,8192,1024,cuda
7,100,128,1,7,False,False,True,True,0.01,0,0.9430629185267857,50000,311.25511288642883,490470,257408,8192,1024,cuda
7,100,128,1,7,False,False,True,True,0.01,1,0.9635881696428571,50000,310.43810391426086,490470,257408,8192,1024,cuda
7,100,128,1,7,False,False,True,True,0.01,2,0.9529506138392857,50000,310.839994430542,490470,257408,8192,1024,cuda
7,100,128,1,8,False,False,True,True,0.01,0,0.9615304129464286,50000,335.8237988948822,556518,290176,8192,1024,cuda
7,100,128,1,8,False,False,True,True,0.01,1,0.9558279854910714,50000,335.95166206359863,556518,290176,8192,1024,cuda
7,100,128,1,8,False,False,True,True,0.01,2,0.9753243582589286,50000,335.84752464294434,556518,290176,8192,1024,cuda
7,100,128,1,9,False,False,True,True,0.01,0,0.9537353515625,50000,366.02597975730896,622566,322944,8192,1024,cuda
7,100,128,1,9,False,False,True,True,0.01,1,0.9468470982142857,50000,366.1461751461029,622566,322944,8192,1024,cuda
7,100,128,1,9,False,False,True,True,0.01,2,0.9608154296875,50000,365.9345018863678,622566,322944,8192,1024,cuda
7,100,128,1,10,False,False,True,True,0.01,0,0.9462716238839286,50000,391.45436000823975,688614,355712,8192,1024,cuda
7,100,128,1,10,False,False,True,True,0.01,1,0.8108782087053571,50000,391.5796513557434,688614,355712,8192,1024,cuda
7,100,128,1,10,False,False,True,True,0.01,2,0.9529680524553571,50000,391.545286655426,688614,355712,8192,1024,cuda
7,100,128,1,11,False,False,True,True,0.01,0,0.92626953125,50000,422.240558385849,754662,388480,8192,1024,cuda
7,100,128,1,11,False,False,True,True,0.01,1,0.9324776785714286,50000,420.6300539970398,754662,388480,8192,1024,cuda
7,100,128,1,11,False,False,True,True,0.01,2,0.9210902622767857,50000,422.21397614479065,754662,388480,8192,1024,cuda
7,100,128,1,12,False,False,True,True,0.01,0,0.9163469587053571,50000,446.7496440410614,820710,421248,8192,1024,cuda
7,100,128,1,12,False,False,True,True,0.01,1,0.9019949776785714,50000,446.83200693130493,820710,421248,8192,1024,cuda
7,100,128,1,12,False,False,True,True,0.01,2,0.9311000279017857,50000,446.5358440876007,820710,421248,8192,1024,cuda
7,100,128,1,13,False,False,True,True,0.01,0,0.8953857421875,50000,478.0647552013397,886758,454016,8192,1024,cuda
7,100,128,1,13,False,False,True,True,0.01,1,0.5552106584821429,50000,478.299045085907,886758,454016,8192,1024,cuda
7,100,128,1,13,False,False,True,True,0.01,2,0.8485281808035714,50000,478.03515577316284,886758,454016,8192,1024,cuda
7,100,128,1,14,False,False,True,True,0.01,0,0.5976039341517857,50000,502.0404930114746,952806,486784,8192,1024,cuda
7,100,128,1,14,False,False,True,True,0.01,1,0.6844656808035714,50000,501.4716215133667,952806,486784,8192,1024,cuda
7,100,128,1,14,False,False,True,True,0.01,2,0.8354840959821429,50000,501.37106704711914,952806,486784,8192,1024,cuda
7,100,128,1,15,False,False,True,True,0.01,0,0.28928920200892855,50000,532.332258939743,1018854,519552,8192,1024,cuda
7,100,128,1,15,False,False,True,True,0.01,1,0.5478341238839286,50000,532.0332531929016,1018854,519552,8192,1024,cuda
7,100,128,1,15,False,False,True,True,0.01,2,0.5021449497767857,50000,531.8007695674896,1018854,519552,8192,1024,cuda
7,100,128,1,16,False,False,True,True,0.01,0,0.47349330357142855,50000,556.4805283546448,1084902,552320,8192,1024,cuda
7,100,128,1,16,False,False,True,True,0.01,1,0.07561383928571429,50000,556.0906727313995,1084902,552320,8192,1024,cuda
7,100,128,1,16,False,False,True,True,0.01,2,0.10714285714285714,50000,555.8837039470673,1084902,552320,8192,1024,cuda
7,100,128,1,17,False,False,True,True,0.01,0,0.04460797991071429,50000,586.7453999519348,1150950,585088,8192,1024,cuda
7,100,128,1,17,False,False,True,True,0.01,1,0.14943150111607142,50000,586.3563811779022,1150950,585088,8192,1024,cuda
7,100,128,1,17,False,False,True,True,0.01,2,0.036376953125,50000,585.9141008853912,1150950,585088,8192,1024,cuda
7,100,128,1,18,False,False,True,True,0.01,0,0.035313197544642856,50000,609.9381427764893,1216998,617856,8192,1024,cuda
7,100,128,1,18,False,False,True,True,0.01,1,0.03789411272321429,50000,608.7713840007782,1216998,617856,8192,1024,cuda
7,100,128,1,18,False,False,True,True,0.01,2,0.032313755580357144,50000,610.3700993061066,1216998,617856,8192,1024,cuda
7,100,128,1,19,False,False,True,True,0.01,0,0.041835239955357144,50000,642.4397737979889,1283046,650624,8192,1024,cuda
7,100,128,1,19,False,False,True,True,0.01,1,0.03151157924107143,50000,642.8264074325562,1283046,650624,8192,1024,cuda
7,100,128,1,19,False,False,True,True,0.01,2,0.030535016741071428,50000,642.7130298614502,1283046,650624,8192,1024,cuda
8,100,128,1,1,False,False,True,True,0.01,0,0.00927734375,50000,167.97012639045715,94438,61056,8192,1024,cuda
8,100,128,1,1,False,False,True,True,0.01,1,0.010589599609375,50000,168.07154035568237,94438,61056,8192,1024,cuda
8,100,128,1,1,False,False,True,True,0.01,2,0.00946044921875,50000,167.85518312454224,94438,61056,8192,1024,cuda
8,100,128,1,2,False,False,True,True,0.01,0,0.1570281982421875,50000,204.96684646606445,160486,93824,8192,1024,cuda
8,100,128,1,2,False,False,True,True,0.01,1,0.16650390625,50000,205.7960340976715,160486,93824,8192,1024,cuda
8,100,128,1,2,False,False,True,True,0.01,2,0.7173919677734375,50000,205.4473843574524,160486,93824,8192,1024,cuda
8,100,128,1,3,False,False,True,True,0.01,0,0.4808502197265625,50000,244.1730992794037,226534,126592,8192,1024,cuda
8,100,128,1,3,False,False,True,True,0.01,1,0.8598175048828125,50000,244.54703497886658,226534,126592,8192,1024,cuda
8,100,128,1,3,False,False,True,True,0.01,2,0.477020263671875,50000,244.53403878211975,226534,126592,8192,1024,cuda
8,100,128,1,4,False,False,True,True,0.01,0,0.8068695068359375,50000,281.6350872516632,292582,159360,8192,1024,cuda
8,100,128,1,4,False,False,True,True,0.01,1,0.803955078125,50000,282.489426612854,292582,159360,8192,1024,cuda
8,100,128,1,4,False,False,True,True,0.01,2,0.849090576171875,50000,281.9828701019287,292582,159360,8192,1024,cuda
8,100,128,1,5,False,False,True,True,0.01,0,0.8944854736328125,50000,321.3719880580902,358630,192128,8192,1024,cuda
8,100,128,1,5,False,False,True,True,0.01,1,0.8367462158203125,50000,320.64113092422485,358630,192128,8192,1024,cuda
8,100,128,1,5,False,False,True,True,0.01,2,0.8384246826171875,50000,321.3311722278595,358630,192128,8192,1024,cuda
8,100,128,1,6,False,False,True,True,0.01,0,0.8487091064453125,50000,359.4511477947235,424678,224896,8192,1024,cuda
8,100,128,1,6,False,False,True,True,0.01,1,0.9364471435546875,50000,359.52241039276123,424678,224896,8192,1024,cuda
8,100,128,1,6,False,False,True,True,0.01,2,0.8645477294921875,50000,359.07044219970703,424678,224896,8192,1024,cuda
8,100,128,1,7,False,False,True,True,0.01,0,0.9225311279296875,50000,397.2206447124481,490726,257664,8192,1024,cuda
8,100,128,1,7,False,False,True,True,0.01,1,0.93170166015625,50000,395.984739780426,490726,257664,8192,1024,cuda
8,100,128,1,7,False,False,True,True,0.01,2,0.9449615478515625,50000,395.717476606369,490726,257664,8192,1024,cuda
8,100,128,1,8,False,False,True,True,0.01,0,0.913818359375,50000,434.9941408634186,556774,290432,8192,1024,cuda
8,100,128,1,8,False,False,True,True,0.01,1,0.9568023681640625,50000,435.4905230998993,556774,290432,8192,1024,cuda
8,100,128,1,8,False,False,True,True,0.01,2,0.93487548828125,50000,434.0569877624512,556774,290432,8192,1024,cuda
8,100,128,1,9,False,False,True,True,0.01,0,0.8997039794921875,50000,473.81500792503357,622822,323200,8192,1024,cuda
8,100,128,1,9,False,False,True,True,0.01,1,0.8031768798828125,50000,472.6179931163788,622822,323200,8192,1024,cuda
8,100,128,1,9,False,False,True,True,0.01,2,0.83282470703125,50000,473.2134573459625,622822,323200,8192,1024,cuda
8,100,128,1,10,False,False,True,True,0.01,0,0.896026611328125,50000,511.0231034755707,688870,355968,8192,1024,cuda
8,100,128,1,10,False,False,True,True,0.01,1,0.8650665283203125,50000,511.3169243335724,688870,355968,8192,1024,cuda
8,100,128,1,10,False,False,True,True,0.01,2,0.9239044189453125,50000,511.1257493495941,688870,355968,8192,1024,cuda
8,100,128,1,11,False,False,True,True,0.01,0,0.8930816650390625,50000,549.2794280052185,754918,388736,8192,1024,cuda
8,100,128,1,11,False,False,True,True,0.01,1,0.9149169921875,50000,549.3506491184235,754918,388736,8192,1024,cuda
8,100,128,1,11,False,False,True,True,0.01,2,0.845458984375,50000,549.3746876716614,754918,388736,8192,1024,cuda
8,100,128,1,12,False,False,True,True,0.01,0,0.568389892578125,50000,587.3542051315308,820966,421504,8192,1024,cuda
8,100,128,1,12,False,False,True,True,0.01,1,0.560272216796875,50000,587.3733601570129,820966,421504,8192,1024,cuda
8,100,128,1,12,False,False,True,True,0.01,2,0.8733367919921875,50000,587.1824631690979,820966,421504,8192,1024,cuda
8,100,128,1,13,False,False,True,True,0.01,0,0.5510711669921875,50000,624.9587256908417,887014,454272,8192,1024,cuda
8,100,128,1,13,False,False,True,True,0.01,1,0.77825927734375,50000,625.2069339752197,887014,454272,8192,1024,cuda
8,100,128,1,13,False,False,True,True,0.01,2,0.621673583984375,50000,624.8896248340607,887014,454272,8192,1024,cuda
8,100,128,1,14,False,False,True,True,0.01,0,0.376190185546875,50000,662.753335237503,953062,487040,8192,1024,cuda
8,100,128,1,14,False,False,True,True,0.01,1,0.77252197265625,50000,663.2385497093201,953062,487040,8192,1024,cuda
8,100,128,1,14,False,False,True,True,0.01,2,0.6647491455078125,50000,662.951975107193,953062,487040,8192,1024,cuda
8,100,128,1,15,False,False,True,True,0.01,0,0.5074462890625,50000,700.6776607036591,1019110,519808,8192,1024,cuda
8,100,128,1,15,False,False,True,True,0.01,1,0.301910400390625,50000,700.8460309505463,1019110,519808,8192,1024,cuda
8,100,128,1,15,False,False,True,True,0.01,2,0.1556243896484375,50000,701.129460811615,1019110,519808,8192,1024,cuda
8,100,128,1,16,False,False,True,True,0.01,0,0.1484527587890625,50000,738.6052632331848,1085158,552576,8192,1024,cuda
8,100,128,1,16,False,False,True,True,0.01,1,0.179168701171875,50000,739.2336292266846,1085158,552576,8192,1024,cuda
8,100,128,1,16,False,False,True,True,0.01,2,0.207000732421875,50000,738.7394251823425,1085158,552576,8192,1024,cuda
8,100,128,1,17,False,False,True,True,0.01,0,0.4479827880859375,50000,776.4337849617004,1151206,585344,8192,1024,cuda
8,100,128,1,17,False,False,True,True,0.01,1,0.0576324462890625,50000,776.6782460212708,1151206,585344,8192,1024,cuda
8,100,128,1,17,False,False,True,True,0.01,2,0.0450897216796875,50000,777.0476624965668,1151206,585344,8192,1024,cuda
8,100,128,1,18,False,False,True,True,0.01,0,0.032470703125,50000,815.2693679332733,1217254,618112,8192,1024,cuda
8,100,128,1,18,False,False,True,True,0.01,1,0.034820556640625,50000,815.5549464225769,1217254,618112,8192,1024,cuda
8,100,128,1,18,False,False,True,True,0.01,2,0.1330718994140625,50000,815.2015025615692,1217254,618112,8192,1024,cuda
8,100,128,1,19,False,False,True,True,0.01,0,0.01019287109375,50000,852.6574552059174,1283302,650880,8192,1024,cuda
8,100,128,1,19,False,False,True,True,0.01,1,0.028533935546875,50000,853.2352864742279,1283302,650880,8192,1024,cuda
8,100,128,1,19,False,False,True,True,0.01,2,0.0199737548828125,50000,852.9711894989014,1283302,650880,8192,1024,cuda
9,100,128,1,1,False,False,True,True,0.01,0,0.009928385416666666,50000,182.6493945121765,94694,61312,8192,1024,cuda
9,100,128,1,1,False,False,True,True,0.01,1,0.010728624131944444,50000,183.2973906993866,94694,61312,8192,1024,cuda
9,100,128,1,1,False,False,True,True,0.01,2,0.010064019097222222,50000,182.499596118927,94694,61312,8192,1024,cuda
9,100,128,1,2,False,False,True,True,0.01,0,0.6934407552083334,50000,223.1964774131775,160742,94080,8192,1024,cuda
9,100,128,1,2,False,False,True,True,0.01,1,0.6859809027777778,50000,223.45620584487915,160742,94080,8192,1024,cuda
9,100,128,1,2,False,False,True,True,0.01,2,0.7146402994791666,50000,223.39308738708496,160742,94080,8192,1024,cuda
9,100,128,1,3,False,False,True,True,0.01,0,0.4199083116319444,50000,265.2473816871643,226790,126848,8192,1024,cuda
9,100,128,1,3,False,False,True,True,0.01,1,0.4032931857638889,50000,265.20497822761536,226790,126848,8192,1024,cuda
9,100,128,1,3,False,False,True,True,0.01,2,0.4132351345486111,50000,264.62604451179504,226790,126848,8192,1024,cuda
9,100,128,1,4,False,False,True,True,0.01,0,0.6954616970486112,50000,302.9923322200775,292838,159616,8192,1024,cuda
9,100,128,1,4,False,False,True,True,0.01,1,0.6899685329861112,50000,304.0356683731079,292838,159616,8192,1024,cuda
9,100,128,1,4,False,False,True,True,0.01,2,0.6939019097222222,50000,303.1056160926819,292838,159616,8192,1024,cuda
9,100,128,1,5,False,False,True,True,0.01,0,0.8979085286458334,50000,345.3702301979065,358886,192384,8192,1024,cuda
9,100,128,1,5,False,False,True,True,0.01,1,0.7444797092013888,50000,345.17730164527893,358886,192384,8192,1024,cuda
9,100,128,1,5,False,False,True,True,0.01,2,0.7308078342013888,50000,344.067409992218,358886,192384,8192,1024,cuda
9,100,128,1,6,False,False,True,True,0.01,0,0.9021538628472222,50000,384.95504784584045,424934,225152,8192,1024,cuda
9,100,128,1,6,False,False,True,True,0.01,1,0.9418267144097222,50000,385.2271661758423,424934,225152,8192,1024,cuda
9,100,128,1,6,False,False,True,True,0.01,2,0.8324245876736112,50000,385.865510225296,424934,225152,8192,1024,cuda
9,100,128,1,7,False,False,True,True,0.01,0,0.7609185112847222,50000,426.15010237693787,490982,257920,8192,1024,cuda
9,100,128,1,7,False,False,True,True,0.01,1,0.8221706814236112,50000,426.3104751110077,490982,257920,8192,1024,cuda
9,100,128,1,7,False,False,True,True,0.01,2,0.8884819878472222,50000,426.0681447982788,490982,257920,8192,1024,cuda
9,100,128,1,8,False,False,True,True,0.01,0,0.9500868055555556,50000,464.1175010204315,557030,290688,8192,1024,cuda
9,100,128,1,8,False,False,True,True,0.01,1,0.8627115885416666,50000,464.1575059890747,557030,290688,8192,1024,cuda
9,100,128,1,8,False,False,True,True,0.01,2,0.7483045789930556,50000,465.7313725948334,557030,290688,8192,1024,cuda
9,100,128,1,9,False,False,True,True,0.01,0,0.910400390625,50000,504.4646725654602,623078,323456,8192,1024,cuda
9,100,128,1,9,False,False,True,True,0.01,1,0.8582221137152778,50000,505.86697697639465,623078,323456,8192,1024,cuda
9,100,128,1,9,False,False,True,True,0.01,2,0.6459418402777778,50000,504.9765853881836,623078,323456,8192,1024,cuda
9,100,128,1,10,False,False,True,True,0.01,0,0.7445610894097222,50000,547.0127494335175,689126,356224,8192,1024,cuda
9,100,128,1,10,False,False,True,True,0.01,1,0.6220431857638888,50000,547.0512733459473,689126,356224,8192,1024,cuda
9,100,128,1,10,False,False,True,True,0.01,2,0.8721516927083334,50000,547.5067625045776,689126,356224,8192,1024,cuda
9,100,128,1,11,False,False,True,True,0.01,0,0.7477620442708334,50000,585.7852230072021,755174,388992,8192,1024,cuda
9,100,128,1,11,False,False,True,True,0.01,1,0.8541937934027778,50000,585.9916937351227,755174,388992,8192,1024,cuda
9,100,128,1,11,False,False,True,True,0.01,2,0.8287082248263888,50000,585.8861329555511,755174,388992,8192,1024,cuda
9,100,128,1,12,False,False,True,True,0.01,0,0.3615315755208333,50000,625.8383638858795,821222,421760,8192,1024,cuda
9,100,128,1,12,False,False,True,True,0.01,1,0.5365532769097222,50000,625.8049123287201,821222,421760,8192,1024,cuda
9,100,128,1,12,False,False,True,True,0.01,2,0.7677815755208334,50000,625.7979066371918,821222,421760,8192,1024,cuda
9,100,128,1,13,False,False,True,True,0.01,0,0.7145453559027778,50000,667.4774305820465,887270,454528,8192,1024,cuda
9,100,128,1,13,False,False,True,True,0.01,1,0.7196723090277778,50000,666.2285921573639,887270,454528,8192,1024,cuda
9,100,128,1,13,False,False,True,True,0.01,2,0.7487521701388888,50000,667.2855281829834,887270,454528,8192,1024,cuda
9,100,128,1,14,False,False,True,True,0.01,0,0.4275851779513889,50000,706.7554821968079,953318,487296,8192,1024,cuda
9,100,128,1,14,False,False,True,True,0.01,1,0.2783610026041667,50000,706.7350587844849,953318,487296,8192,1024,cuda
9,100,128,1,14,False,False,True,True,0.01,2,0.5486111111111112,50000,706.7690782546997,953318,487296,8192,1024,cuda
9,100,128,1,15,False,False,True,True,0.01,0,0.5345730251736112,50000,747.5179879665375,1019366,520064,8192,1024,cuda
9,100,128,1,15,False,False,True,True,0.01,1,0.19264051649305555,50000,747.8486614227295,1019366,520064,8192,1024,cuda
9,100,128,1,15,False,False,True,True,0.01,2,0.15721299913194445,50000,747.5472929477692,1019366,520064,8192,1024,cuda
9,100,128,1,16,False,False,True,True,0.01,0,0.057820638020833336,50000,788.3272621631622,1085414,552832,8192,1024,cuda
9,100,128,1,16,False,False,True,True,0.01,1,0.031982421875,50000,787.8317852020264,1085414,552832,8192,1024,cuda
9,100,128,1,16,False,False,True,True,0.01,2,0.1917046440972222,50000,788.6009356975555,1085414,552832,8192,1024,cuda
9,100,128,1,17,False,False,True,True,0.01,0,0.021131727430555556,50000,826.3997805118561,1151462,585600,8192,1024,cuda
9,100,128,1,17,False,False,True,True,0.01,1,0.045247395833333336,50000,826.4732139110565,1151462,585600,8192,1024,cuda
9,100,128,1,17,False,False,True,True,0.01,2,0.034600151909722224,50000,826.4173073768616,1151462,585600,8192,1024,cuda
9,100,128,1,18,False,False,True,True,0.01,0,0.030246310763888888,50000,867.378740310669,1217510,618368,8192,1024,cuda
9,100,128,1,18,False,False,True,True,0.01,1,0.038330078125,50000,867.2083597183228,1217510,618368,8192,1024,cuda
9,100,128,1,18,False,False,True,True,0.01,2,0.025485568576388888,50000,867.8973269462585,1217510,618368,8192,1024,cuda
9,100,128,1,19,False,False,True,True,0.01,0,0.028971354166666668,50000,909.2304010391235,1283558,651136,8192,1024,cuda
9,100,128,1,19,False,False,True,True,0.01,1,0.024943033854166668,50000,908.6107556819916,1283558,651136,8192,1024,cuda
9,100,128,1,19,False,False,True,True,0.01,2,0.0252685546875,50000,908.8951416015625,1283558,651136,8192,1024,cuda
10,100,128,1,1,False,False,True,True,0.01,0,0.01038818359375,50000,200.7039279937744,94950,61568,8192,1024,cuda
10,100,128,1,1,False,False,True,True,0.01,1,0.00999755859375,50000,200.48490500450134,94950,61568,8192,1024,cuda
10,100,128,1,1,False,False,True,True,0.01,2,0.01044921875,50000,200.5093433856964,94950,61568,8192,1024,cuda
10,100,128,1,2,False,False,True,True,0.01,0,0.6929443359375,50000,243.14490413665771,160998,94336,8192,1024,cuda
10,100,128,1,2,False,False,True,True,0.01,1,0.72666015625,50000,243.15758776664734,160998,94336,8192,1024,cuda
10,100,128,1,2,False,False,True,True,0.01,2,0.73568115234375,50000,242.9833903312683,160998,94336,8192,1024,cuda
10,100,128,1,3,False,False,True,True,0.01,0,0.30355224609375,50000,286.6387131214142,227046,127104,8192,1024,cuda
10,100,128,1,3,False,False,True,True,0.01,1,0.38023681640625,50000,286.2060925960541,227046,127104,8192,1024,cuda
10,100,128,1,3,False,False,True,True,0.01,2,0.3009765625,50000,286.3680646419525,227046,127104,8192,1024,cuda
10,100,128,1,4,False,False,True,True,0.01,0,0.83087158203125,50000,329.3539545536041,293094,159872,8192,1024,cuda
10,100,128,1,4,False,False,True,True,0.01,1,0.65174560546875,50000,329.5894582271576,293094,159872,8192,1024,cuda
10,100,128,1,4,False,False,True,True,0.01,2,0.61424560546875,50000,329.67105436325073,293094,159872,8192,1024,cuda
10,100,128,1,5,False,False,True,True,0.01,0,0.7820068359375,50000,372.6470203399658,359142,192640,8192,1024,cuda
10,100,128,1,5,False,False,True,True,0.01,1,0.80968017578125,50000,372.60306906700134,359142,192640,8192,1024,cuda
10,100,128,1,5,False,False,True,True,0.01,2,0.6333984375,50000,372.5935094356537,359142,192640,8192,1024,cuda
10,100,128,1,6,False,False,True,True,0.01,0,0.92279052734375,50000,415.83874773979187,425190,225408,8192,1024,cuda
10,100,128,1,6,False,False,True,True,0.01,1,0.87772216796875,50000,416.6131076812744,425190,225408,8192,1024,cuda
10,100,128,1,6,False,False,True,True,0.01,2,0.8469970703125,50000,416.2795739173889,425190,225408,8192,1024,cuda
10,100,128,1,7,False,False,True,True,0.01,0,0.85811767578125,50000,459.29481267929077,491238,258176,8192,1024,cuda
10,100,128,1,7,False,False,True,True,0.01,1,0.84027099609375,50000,459.45935344696045,491238,258176,8192,1024,cuda
10,100,128,1,7,False,False,True,True,0.01,2,0.85809326171875,50000,458.9965569972992,491238,258176,8192,1024,cuda
10,100,128,1,8,False,False,True,True,0.01,0,0.59305419921875,50000,502.24755477905273,557286,290944,8192,1024,cuda
10,100,128,1,8,False,False,True,True,0.01,1,0.80513916015625,50000,502.44018602371216,557286,290944,8192,1024,cuda
10,100,128,1,8,False,False,True,True,0.01,2,0.6724853515625,50000,502.0111360549927,557286,290944,8192,1024,cuda
10,100,128,1,9,False,False,True,True,0.01,0,0.8325927734375,50000,546.2243576049805,623334,323712,8192,1024,cuda
10,100,128,1,9,False,False,True,True,0.01,1,0.6024169921875,50000,546.1212832927704,623334,323712,8192,1024,cuda
10,100,128,1,9,False,False,True,True,0.01,2,0.861181640625,50000,546.0925719738007,623334,323712,8192,1024,cuda
10,100,128,1,10,False,False,True,True,0.01,0,0.66361083984375,50000,588.9126284122467,689382,356480,8192,1024,cuda
10,100,128,1,10,False,False,True,True,0.01,1,0.73035888671875,50000,589.3408839702606,689382,356480,8192,1024,cuda
10,100,128,1,10,False,False,True,True,0.01,2,0.66361083984375,50000,588.8609850406647,689382,356480,8192,1024,cuda
10,100,128,1,11,False,False,True,True,0.01,0,0.78499755859375,50000,632.7964627742767,755430,389248,8192,1024,cuda
10,100,128,1,11,False,False,True,True,0.01,1,0.83238525390625,50000,632.8504343032837,755430,389248,8192,1024,cuda
10,100,128,1,11,False,False,True,True,0.01,2,0.81644287109375,50000,632.9181616306305,755430,389248,8192,1024,cuda
10,100,128,1,12,False,False,True,True,0.01,0,0.79324951171875,50000,674.9489963054657,821478,422016,8192,1024,cuda
10,100,128,1,12,False,False,True,True,0.01,1,0.6539306640625,50000,675.5664315223694,821478,422016,8192,1024,cuda
10,100,128,1,12,False,False,True,True,0.01,2,0.79228515625,50000,675.2120046615601,821478,422016,8192,1024,cuda
10,100,128,1,13,False,False,True,True,0.01,0,0.3909912109375,50000,718.0364925861359,887526,454784,8192,1024,cuda
10,100,128,1,13,False,False,True,True,0.01,1,0.32896728515625,50000,718.0083112716675,887526,454784,8192,1024,cuda
10,100,128,1,13,False,False,True,True,0.01,2,0.5306396484375,50000,717.9237360954285,887526,454784,8192,1024,cuda
10,100,128,1,14,False,False,True,True,0.01,0,0.3437255859375,50000,760.5224668979645,953574,487552,8192,1024,cuda
10,100,128,1,14,False,False,True,True,0.01,1,0.3436279296875,50000,761.2175648212433,953574,487552,8192,1024,cuda
10,100,128,1,14,False,False,True,True,0.01,2,0.2357177734375,50000,759.1899907588959,953574,487552,8192,1024,cuda
10,100,128,1,15,False,False,True,True,0.01,0,0.10947265625,50000,802.2658278942108,1019622,520320,8192,1024,cuda
10,100,128,1,15,False,False,True,True,0.01,1,0.0930419921875,50000,802.2729210853577,1019622,520320,8192,1024,cuda
10,100,128,1,15,False,False,True,True,0.01,2,0.184619140625,50000,801.8530776500702,1019622,520320,8192,1024,cuda
10,100,128,1,16,False,False,True,True,0.01,0,0.43414306640625,50000,845.2408127784729,1085670,553088,8192,1024,cuda
10,100,128,1,16,False,False,True,True,0.01,1,0.1267333984375,50000,846.747720003128,1085670,553088,8192,1024,cuda
10,100,128,1,16,False,False,True,True,0.01,2,0.2186279296875,50000,846.557459115982,1085670,553088,8192,1024,cuda
10,100,128,1,17,False,False,True,True,0.01,0,0.20914306640625,50000,890.018435716629,1151718,585856,8192,1024,cuda
10,100,128,1,17,False,False,True,True,0.01,1,0.08994140625,50000,889.6969349384308,1151718,585856,8192,1024,cuda
10,100,128,1,17,False,False,True,True,0.01,2,0.02642822265625,50000,889.849582195282,1151718,585856,8192,1024,cuda
10,100,128,1,18,False,False,True,True,0.01,0,0.129248046875,50000,933.6147615909576,1217766,618624,8192,1024,cuda
10,100,128,1,18,False,False,True,True,0.01,1,0.02745361328125,50000,933.7484858036041,1217766,618624,8192,1024,cuda
10,100,128,1,18,False,False,True,True,0.01,2,0.03988037109375,50000,932.720059633255,1217766,618624,8192,1024,cuda
10,100,128,1,19,False,False,True,True,0.01,0,0.02366943359375,50000,975.7981765270233,1283814,651392,8192,1024,cuda
10,100,128,1,19,False,False,True,True,0.01,1,0.02391357421875,50000,975.620144367218,1283814,651392,8192,1024,cuda
10,100,128,1,19,False,False,True,True,0.01,2,0.03248291015625,50000,975.6235597133636,1283814,651392,8192,1024,cuda
11,100,128,1,1,False,False,True,True,0.01,0,0.009565873579545454,50000,217.9702627658844,95206,61824,8192,1024,cuda
11,100,128,1,1,False,False,True,True,0.01,1,0.009987571022727272,50000,217.73620319366455,95206,61824,8192,1024,cuda
11,100,128,1,1,False,False,True,True,0.01,2,0.00997647372159091,50000,217.46225309371948,95206,61824,8192,1024,cuda
11,100,128,1,2,False,False,True,True,0.01,0,0.7163640802556818,50000,262.55005049705505,161254,94592,8192,1024,cuda
11,100,128,1,2,False,False,True,True,0.01,1,0.5504483309659091,50000,262.5447778701782,161254,94592,8192,1024,cuda
11,100,128,1,2,False,False,True,True,0.01,2,0.7273171164772727,50000,262.65888571739197,161254,94592,8192,1024,cuda
11,100,128,1,3,False,False,True,True,0.01,0,0.2748135653409091,50000,308.4510133266449,227302,127360,8192,1024,cuda
11,100,128,1,3,False,False,True,True,0.01,1,0.18949751420454544,50000,307.17925333976746,227302,127360,8192,1024,cuda
11,100,128,1,3,False,False,True,True,0.01,2,0.33802379261363635,50000,308.5321650505066,227302,127360,8192,1024,cuda
11,100,128,1,4,False,False,True,True,0.01,0,0.545166015625,50000,352.76676988601685,293350,160128,8192,1024,cuda
11,100,128,1,4,False,False,True,True,0.01,1,0.5264226740056818,50000,353.46913504600525,293350,160128,8192,1024,cuda
11,100,128,1,4,False,False,True,True,0.01,2,0.5649303089488636,50000,353.32349467277527,293350,160128,8192,1024,cuda
11,100,128,1,5,False,False,True,True,0.01,0,0.7310458096590909,50000,397.5415415763855,359398,192896,8192,1024,cuda
11,100,128,1,5,False,False,True,True,0.01,1,0.7231223366477273,50000,399.12456250190735,359398,192896,8192,1024,cuda
11,100,128,1,5,False,False,True,True,0.01,2,0.72998046875,50000,398.68751287460327,359398,192896,8192,1024,cuda
11,100,128,1,6,False,False,True,True,0.01,0,0.8179043856534091,50000,444.5594103336334,425446,225664,8192,1024,cuda
11,100,128,1,6,False,False,True,True,0.01,1,0.7787863991477273,50000,442.1020622253418,425446,225664,8192,1024,cuda
11,100,128,1,6,False,False,True,True,0.01,2,0.8875177556818182,50000,444.4406044483185,425446,225664,8192,1024,cuda
11,100,128,1,7,False,False,True,True,0.01,0,0.8676646839488636,50000,489.89598965644836,491494,258432,8192,1024,cuda
11,100,128,1,7,False,False,True,True,0.01,1,0.7512983842329546,50000,489.15605545043945,491494,258432,8192,1024,cuda
11,100,128,1,7,False,False,True,True,0.01,2,0.8997025923295454,50000,489.66551756858826,491494,258432,8192,1024,cuda
11,100,128,1,8,False,False,True,True,0.01,0,0.8644797585227273,50000,535.2850987911224,557542,291200,8192,1024,cuda
11,100,128,1,8,False,False,True,True,0.01,1,0.7393576882102273,50000,534.8605587482452,557542,291200,8192,1024,cuda
11,100,128,1,8,False,False,True,True,0.01,2,0.8122225674715909,50000,535.515872001648,557542,291200,8192,1024,cuda
11,100,128,1,9,False,False,True,True,0.01,0,0.6873224431818182,50000,580.472888469696,623590,323968,8192,1024,cuda
11,100,128,1,9,False,False,True,True,0.01,1,0.7937233664772727,50000,580.76229596138,623590,323968,8192,1024,cuda
11,100,128,1,9,False,False,True,True,0.01,2,0.2672674005681818,50000,580.6400728225708,623590,323968,8192,1024,cuda
11,100,128,1,10,False,False,True,True,0.01,0,0.6570268110795454,50000,626.4324293136597,689638,356736,8192,1024,cuda
11,100,128,1,10,False,False,True,True,0.01,1,0.7319557883522727,50000,625.4798092842102,689638,356736,8192,1024,cuda
11,100,128,1,10,False,False,True,True,0.01,2,0.8157958984375,50000,626.1208987236023,689638,356736,8192,1024,cuda
11,100,128,1,11,False,False,True,True,0.01,0,0.7593217329545454,50000,671.188511133194,755686,389504,8192,1024,cuda
11,100,128,1,11,False,False,True,True,0.01,1,0.8235751065340909,50000,671.1946346759796,755686,389504,8192,1024,cuda
11,100,128,1,11,False,False,True,True,0.01,2,0.37939453125,50000,671.1601333618164,755686,389504,8192,1024,cuda
11,100,128,1,12,False,False,True,True,0.01,0,0.5303622159090909,50000,716.4646356105804,821734,422272,8192,1024,cuda
11,100,128,1,12,False,False,True,True,0.01,1,0.4744318181818182,50000,715.9700348377228,821734,422272,8192,1024,cuda
11,100,128,1,12,False,False,True,True,0.01,2,0.5308061079545454,50000,715.9343266487122,821734,422272,8192,1024,cuda
11,100,128,1,13,False,False,True,True,0.01,0,0.4298428622159091,50000,760.7335703372955,887782,455040,8192,1024,cuda
11,100,128,1,13,False,False,True,True,0.01,1,0.2757901278409091,50000,760.1231565475464,887782,455040,8192,1024,cuda
11,100,128,1,13,False,False,True,True,0.01,2,0.38493208451704547,50000,760.0585961341858,887782,455040,8192,1024,cuda
11,100,128,1,14,False,False,True,True,0.01,0,0.3200905539772727,50000,805.1516814231873,953830,487808,8192,1024,cuda
11,100,128,1,14,False,False,True,True,0.01,1,0.2051669034090909,50000,804.461832523346,953830,487808,8192,1024,cuda
11,100,128,1,14,False,False,True,True,0.01,2,0.2940451882102273,50000,804.732664346695,953830,487808,8192,1024,cuda
11,100,128,1,15,False,False,True,True,0.01,0,0.2527521306818182,50000,849.4101748466492,1019878,520576,8192,1024,cuda
11,100,128,1,15,False,False,True,True,0.01,1,0.13132546164772727,50000,849.4687652587891,1019878,520576,8192,1024,cuda
11,100,128,1,15,False,False,True,True,0.01,2,0.19911887428977273,50000,849.7443704605103,1019878,520576,8192,1024,cuda
11,100,128,1,16,False,False,True,True,0.01,0,0.08024458451704546,50000,894.8482162952423,1085926,553344,8192,1024,cuda
11,100,128,1,16,False,False,True,True,0.01,1,0.06069113991477273,50000,894.4547030925751,1085926,553344,8192,1024,cuda
11,100,128,1,16,False,False,True,True,0.01,2,0.060624556107954544,50000,894.8597061634064,1085926,553344,8192,1024,cuda
11,100,128,1,17,False,False,True,True,0.01,0,0.05569735440340909,50000,939.3779652118683,1151974,586112,8192,1024,cuda
11,100,128,1,17,False,False,True,True,0.01,1,0.04525479403409091,50000,939.3955509662628,1151974,586112,8192,1024,cuda
11,100,128,1,17,False,False,True,True,0.01,2,0.08871182528409091,50000,939.4798884391785,1151974,586112,8192,1024,cuda
11,100,128,1,18,False,False,True,True,0.01,0,0.029496626420454544,50000,985.0334651470184,1218022,618880,8192,1024,cuda
11,100,128,1,18,False,False,True,True,0.01,1,0.07368607954545454,50000,984.671037197113,1218022,618880,8192,1024,cuda
11,100,128,1,18,False,False,True,True,0.01,2,0.09975363991477272,50000,984.8394792079926,1218022,618880,8192,1024,cuda
11,100,128,1,19,False,False,True,True,0.01,0,0.03257057883522727,50000,1032.459478378296,1284070,651648,8192,1024,cuda
11,100,128,1,19,False,False,True,True,0.01,1,0.021040482954545456,50000,1032.1604697704315,1284070,651648,8192,1024,cuda
11,100,128,1,19,False,False,True,True,0.01,2,0.048583984375,50000,1032.0487005710602,1284070,651648,8192,1024,cuda
12,100,128,1,1,False,False,True,True,0.01,0,0.010091145833333334,50000,235.04293751716614,95462,62080,8192,1024,cuda
12,100,128,1,1,False,False,True,True,0.01,1,0.009694417317708334,50000,234.60870957374573,95462,62080,8192,1024,cuda
12,100,128,1,1,False,False,True,True,0.01,2,0.010101318359375,50000,234.916597366333,95462,62080,8192,1024,cuda
12,100,128,1,2,False,False,True,True,0.01,0,0.5176493326822916,50000,281.88969349861145,161510,94848,8192,1024,cuda
12,100,128,1,2,False,False,True,True,0.01,1,0.6901957194010416,50000,281.79979372024536,161510,94848,8192,1024,cuda
12,100,128,1,2,False,False,True,True,0.01,2,0.69244384765625,50000,281.77258467674255,161510,94848,8192,1024,cuda
12,100,128,1,3,False,False,True,True,0.01,0,0.29229736328125,50000,330.2681691646576,227558,127616,8192,1024,cuda
12,100,128,1,3,False,False,True,True,0.01,1,0.306640625,50000,330.01007556915283,227558,127616,8192,1024,cuda
12,100,128,1,3,False,False,True,True,0.01,2,0.2513529459635417,50000,330.2303669452667,227558,127616,8192,1024,cuda
12,100,128,1,4,False,False,True,True,0.01,0,0.5741170247395834,50000,377.3467094898224,293606,160384,8192,1024,cuda
12,100,128,1,4,False,False,True,True,0.01,1,0.5049540201822916,50000,377.1420979499817,293606,160384,8192,1024,cuda
12,100,128,1,4,False,False,True,True,0.01,2,0.4603678385416667,50000,377.15647172927856,293606,160384,8192,1024,cuda
12,100,128,1,5,False,False,True,True,0.01,0,0.8197428385416666,50000,424.2365505695343,359654,193152,8192,1024,cuda
12,100,128,1,5,False,False,True,True,0.01,1,0.5373942057291666,50000,424.11480712890625,359654,193152,8192,1024,cuda
12,100,128,1,5,False,False,True,True,0.01,2,0.6251220703125,50000,424.28941082954407,359654,193152,8192,1024,cuda
12,100,128,1,6,False,False,True,True,0.01,0,0.695068359375,50000,471.7481429576874,425702,225920,8192,1024,cuda
12,100,128,1,6,False,False,True,True,0.01,1,0.7700297037760416,50000,471.5175440311432,425702,225920,8192,1024,cuda
12,100,128,1,6,False,False,True,True,0.01,2,0.6871541341145834,50000,469.6855044364929,425702,225920,8192,1024,cuda
12,100,128,1,7,False,False,True,True,0.01,0,0.6589762369791666,50000,516.8680684566498,491750,258688,8192,1024,cuda
12,100,128,1,7,False,False,True,True,0.01,1,0.7880961100260416,50000,517.6294167041779,491750,258688,8192,1024,cuda
12,100,128,1,7,False,False,True,True,0.01,2,0.8558451334635416,50000,518.3519406318665,491750,258688,8192,1024,cuda
12,100,128,1,8,False,False,True,True,0.01,0,0.7625935872395834,50000,565.7421371936798,557798,291456,8192,1024,cuda
12,100,128,1,8,False,False,True,True,0.01,1,0.716064453125,50000,565.9317243099213,557798,291456,8192,1024,cuda
12,100,128,1,8,False,False,True,True,0.01,2,0.7801411946614584,50000,565.9091465473175,557798,291456,8192,1024,cuda
12,100,128,1,9,False,False,True,True,0.01,0,0.65130615234375,50000,613.130786895752,623846,324224,8192,1024,cuda
12,100,128,1,9,False,False,True,True,0.01,1,0.5644938151041666,50000,613.0407509803772,623846,324224,8192,1024,cuda
12,100,128,1,9,False,False,True,True,0.01,2,0.5490824381510416,50000,613.0246710777283,623846,324224,8192,1024,cuda
12,100,128,1,10,False,False,True,True,0.01,0,0.5678202311197916,50000,660.4745244979858,689894,356992,8192,1024,cuda
12,100,128,1,10,False,False,True,True,0.01,1,0.6152445475260416,50000,660.101660490036,689894,356992,8192,1024,cuda
12,100,128,1,10,False,False,True,True,0.01,2,0.7009684244791666,50000,660.0585031509399,689894,356992,8192,1024,cuda
12,100,128,1,11,False,False,True,True,0.01,0,0.487945556640625,50000,709.021778345108,755942,389760,8192,1024,cuda
12,100,128,1,11,False,False,True,True,0.01,1,0.54541015625,50000,709.0889766216278,755942,389760,8192,1024,cuda
12,100,128,1,11,False,False,True,True,0.01,2,0.7471720377604166,50000,708.7845497131348,755942,389760,8192,1024,cuda
12,100,128,1,12,False,False,True,True,0.01,0,0.4524332682291667,50000,758.1364979743958,821990,422528,8192,1024,cuda
12,100,128,1,12,False,False,True,True,0.01,1,0.21999104817708334,50000,757.7743933200836,821990,422528,8192,1024,cuda
12,100,128,1,12,False,False,True,True,0.01,2,0.3259684244791667,50000,757.85382604599,821990,422528,8192,1024,cuda
12,100,128,1,13,False,False,True,True,0.01,0,0.3355916341145833,50000,805.4018099308014,888038,455296,8192,1024,cuda
12,100,128,1,13,False,False,True,True,0.01,1,0.2956949869791667,50000,805.1375389099121,888038,455296,8192,1024,cuda
12,100,128,1,13,False,False,True,True,0.01,2,0.66192626953125,50000,805.3717014789581,888038,455296,8192,1024,cuda
12,100,128,1,14,False,False,True,True,0.01,0,0.31146240234375,50000,852.5708165168762,954086,488064,8192,1024,cuda
12,100,128,1,14,False,False,True,True,0.01,1,0.12871297200520834,50000,851.8528027534485,954086,488064,8192,1024,cuda
12,100,128,1,14,False,False,True,True,0.01,2,0.09044392903645833,50000,851.979395866394,954086,488064,8192,1024,cuda
12,100,128,1,15,False,False,True,True,0.01,0,0.07953898111979167,50000,898.7234101295471,1020134,520832,8192,1024,cuda
12,100,128,1,15,False,False,True,True,0.01,1,0.06807454427083333,50000,898.5962336063385,1020134,520832,8192,1024,cuda
12,100,128,1,15,False,False,True,True,0.01,2,0.3542683919270833,50000,899.3591935634613,1020134,520832,8192,1024,cuda
12,100,128,1,16,False,False,True,True,0.01,0,0.06886800130208333,50000,946.2515518665314,1086182,553600,8192,1024,cuda
12,100,128,1,16,False,False,True,True,0.01,1,0.09958902994791667,50000,946.7575867176056,1086182,553600,8192,1024,cuda
12,100,128,1,16,False,False,True,True,0.01,2,0.062774658203125,50000,946.2590620517731,1086182,553600,8192,1024,cuda
12,100,128,1,17,False,False,True,True,0.01,0,0.031087239583333332,50000,993.4527039527893,1152230,586368,8192,1024,cuda
12,100,128,1,17,False,False,True,True,0.01,1,0.037821451822916664,50000,993.4539413452148,1152230,586368,8192,1024,cuda
12,100,128,1,17,False,False,True,True,0.01,2,0.081939697265625,50000,993.4721009731293,1152230,586368,8192,1024,cuda
12,100,128,1,18,False,False,True,True,0.01,0,0.019795735677083332,50000,1040.3799700737,1218278,619136,8192,1024,cuda
12,100,128,1,18,False,False,True,True,0.01,1,0.025299072265625,50000,1040.3928821086884,1218278,619136,8192,1024,cuda
12,100,128,1,18,False,False,True,True,0.01,2,0.031270345052083336,50000,1040.7554183006287,1218278,619136,8192,1024,cuda
12,100,128,1,19,False,False,True,True,0.01,0,0.017995198567708332,50000,1090.3351030349731,1284326,651904,8192,1024,cuda
12,100,128,1,19,False,False,True,True,0.01,1,0.027303059895833332,50000,1090.851230621338,1284326,651904,8192,1024,cuda
12,100,128,1,19,False,False,True,True,0.01,2,0.053934733072916664,50000,1090.9956467151642,1284326,651904,8192,1024,cuda
13,100,128,1,1,False,False,True,True,0.01,0,0.009502704326923076,50000,252.6304702758789,95718,62336,8192,1024,cuda
13,100,128,1,1,False,False,True,True,0.01,1,0.010150615985576924,50000,252.64989638328552,95718,62336,8192,1024,cuda
13,100,128,1,1,False,False,True,True,0.01,2,0.01019756610576923,50000,252.6228404045105,95718,62336,8192,1024,cuda
13,100,128,1,2,False,False,True,True,0.01,0,0.49209359975961536,50000,302.5013964176178,161766,95104,8192,1024,cuda
13,100,128,1,2,False,False,True,True,0.01,1,0.6521465594951923,50000,302.6513192653656,161766,95104,8192,1024,cuda
13,100,128,1,2,False,False,True,True,0.01,2,0.6757624699519231,50000,302.6462051868439,161766,95104,8192,1024,cuda
13,100,128,1,3,False,False,True,True,0.01,0,0.26317420372596156,50000,353.27740025520325,227814,127872,8192,1024,cuda
